{"keyframes": [{"timestamp": 1769501153883, "user_image": "/static/keyframes/user_1769501153874.jpg", "similarity": 83.38888888888889, "user_vec": [89.0, 24.0, 56.0, 56.0], "rounds_count": 1, "user_landmarks_v": [0.9989297389984131, 0.9982338547706604, 0.9979992508888245, 0.9984263181686401, 0.9984437227249146, 0.9984062910079956, 0.998660147190094, 0.997997522354126, 0.9984608292579651, 0.9956123232841492, 0.9961997866630554, 0.9961663484573364, 0.9989948272705078, 0.1388072967529297, 0.9773695468902588, 0.21232561767101288, 0.9100824594497681, 0.2358465939760208, 0.853931725025177, 0.2411491572856903, 0.8494042754173279, 0.26163145899772644, 0.8357089757919312, 0.9842013716697693, 0.9888537526130676, 0.0627484992146492, 0.6936918497085571, 0.04399782046675682, 0.2556164264678955, 0.08377144485712051, 0.3633051812648773, 0.06174794211983681, 0.2291523963212967], "user_landmarks_z": [-0.2467278689146042, -0.2153819352388382, -0.21549001336097717, -0.2157348394393921, -0.23686885833740234, -0.2368234395980835, -0.23674102127552032, -0.06251038610935211, -0.1483432948589325, -0.18632692098617554, -0.21187639236450195, 0.13653653860092163, -0.25297003984451294, 0.1984601616859436, -0.3208104968070984, 0.14515909552574158, -0.2374384105205536, 0.15092960000038147, -0.2738671898841858, 0.11920125782489777, -0.24577538669109344, 0.128159299492836, -0.2271289825439453, 0.12121113389730453, -0.12127263844013214, 0.24681441485881805, -0.16751793026924133, 0.36185896396636963, 0.1146247386932373, 0.3756275475025177, 0.1545649617910385, 0.4260466992855072, 0.2731114327907562], "depth": "Quarter Squat (45-60)", "depth_text": "Quarter Squat (45-60)", "depth_value": 0}, {"timestamp": 1769501157699, "user_image": "/static/keyframes/user_1769501157691.jpg", "similarity": 82.83333333333333, "user_vec": [74.0, 19.0, 53.0, 24.0], "rounds_count": 2, "user_landmarks_v": [0.9992645382881165, 0.9985851645469666, 0.9984583258628845, 0.9987791776657104, 0.9987237453460693, 0.9987375736236572, 0.99898761510849, 0.9983383417129517, 0.9987435936927795, 0.9978158473968506, 0.9982355833053589, 0.9981841444969177, 0.9995846152305603, 0.1762685924768448, 0.9875155687332153, 0.28609269857406616, 0.9591853618621826, 0.29892370104789734, 0.9306096434593201, 0.3039206564426422, 0.9274200201034546, 0.31078654527664185, 0.9050115942955017, 0.9751650094985962, 0.9826056957244873, 0.09743281453847885, 0.7089964747428894, 0.0673782154917717, 0.40089982748031616, 0.12614616751670837, 0.4938254654407501, 0.09394390881061554, 0.35417813062667847], "user_landmarks_z": [-0.25981849431991577, -0.2268521785736084, -0.2269684374332428, -0.22716501355171204, -0.2563863694667816, -0.2563747465610504, -0.25635141134262085, -0.06110363453626633, -0.17727485299110413, -0.19497425854206085, -0.23176375031471252, 0.14709453284740448, -0.29155275225639343, 0.20241494476795197, -0.3753955066204071, 0.11986871063709259, -0.3176352381706238, 0.11851595342159271, -0.3629603683948517, 0.0815536379814148, -0.3343217968940735, 0.1004958376288414, -0.3067152798175812, 0.12993106245994568, -0.12969359755516052, 0.12634268403053284, -0.21076266467571259, 0.2730446755886078, 0.00594907533377409, 0.28579217195510864, 0.03735784441232681, 0.27069297432899475, 0.06119964271783829], "depth": "Quarter Squat (45-60)", "depth_text": "Quarter Squat (45-60)", "depth_value": 0}], "rounds_count": 2}